{
    "surprise": 0.9801093339920044,
    "happiness": 0.017935199663043022,
    "fear": 0.001479649101383984
}
